replica,ethanol,window_start_ns,window_end_ns,mean_CP,max_CP,mean_COM,min_COM,mean_HB,max_HB,state,Hydrophobic_SASA_nm2,Rg_nm,Total_SASA_nm2,water_hotspot_count,ethanol_hotspot_count,water_ethanol_ratio,hotspot_sasa_nm2,interchain_residue_pair_contacts,interface_residue_count,hotspot_any_contact_pairs,hotspot_hotspot_contact_pairs,salt_bridge_count,PC1,PC2
12P_R1,12,0,50.0,0.0,0.0,10.0690888,7.622,0.0,0.0,Dispersed,363.469,4.68795,364.11,95.0,9.0,10.555554382716181,364.11,0.0,0.0,0.0,0.0,0.0,0.46356753442842136,5.695231253121237
12P_R1,12,50,100.0,0.0,0.0,10.8480816,7.659,0.0,0.0,Dispersed,374.396,6.02254,382.555,91.0,15.0,6.06666626222225,381.515,0.0,0.0,0.0,0.0,0.0,-0.47254800443117484,4.138937371029034
12P_R1,12,100,150.0,0.0,0.0,8.949852400000001,6.636,0.0,0.0,Dispersed,382.364,5.76348,400.158,95.0,12.0,7.9166660069445,400.094,0.0,0.0,0.0,0.0,0.0,-0.2827751193961952,4.339001775779854
12P_R1,12,150,200.0,5.964,14.0,6.0891114,4.868,1.9652,8.0,Encounter,384.582,4.76037,388.236,70.0,16.0,4.374999726562517,392.851,14.1,14.34,0.48,0.0,0.0,0.6254634006836569,2.3393702629969773
12P_R1,12,200,250.0,9.77,17.0,4.3239694,3.527,3.6692,12.0,Encounter,384.28,3.87515,393.357,93.0,20.0,4.649999767500011,392.027,23.4,25.12,4.94,1.02,0.0,1.3755525797337858,2.6351783727650897
12P_R1,12,250,300.0,10.718,16.0,3.5234977999999995,3.348,7.8406,15.0,Compact-associated,372.0,2.9896,364.278,78.0,14.0,5.571428173469417,364.389,38.24,40.0,23.76,7.42,0.0,3.5156716608001446,2.4185597242999872
12P_R1,12,300,350.0,12.468,23.0,3.5601528000000005,3.311,9.7356,19.0,Compact-associated,373.389,3.00407,375.872,75.0,15.0,4.999999666666689,377.965,46.6,47.16,25.72,7.2,0.0,3.6929195287728263,1.8221686687422727
12P_R1,12,350,400.0,18.43,31.0,3.332583,3.124,12.8266,23.0,Compact-associated,376.984,2.93294,364.361,74.0,16.0,4.624999710937518,362.186,66.84,63.32,33.98,9.58,0.0,4.871110322224234,1.2428701071191466
12P_R1,12,400,450.0,8.676,27.0,7.8546242,3.127,5.0246,17.0,Encounter,377.109,2.87732,363.069,75.0,14.0,5.357142474489824,365.846,35.5,33.8,19.42,5.52,0.0,2.4689064532158924,2.623598871798046
12P_R1,12,450,500.0,14.668,26.0,5.351894000000001,3.23,9.9086,21.0,Encounter,375.029,2.91538,361.602,49.0,23.0,2.1304346899811004,361.679,55.34,48.84,29.9,8.2,0.0,3.685468290493676,0.2933327602244746
12P_R1,12,500,550.0,18.16,27.0,3.9650316,3.158,14.2008,24.0,Compact-associated,383.365,7.78253,401.57,69.0,14.0,4.928571076530638,366.645,75.9,62.88,43.98,13.3,0.0,4.63953292265654,0.6212824855131405
12P_R1,12,550,600.0,17.314,25.0,4.2120714,3.197,14.1158,25.0,Compact-associated,374.453,2.91253,362.94,60.0,21.0,2.857142721088442,366.395,71.26,59.44,41.9,14.1,0.0,5.031546503888103,0.22259667857181892
12P_R1,12,600,650.0,15.426,35.0,5.9588232,3.045,8.4938,22.0,Encounter,376.992,2.92867,376.891,60.0,22.0,2.727272603305791,378.88,56.46,51.9,31.02,13.56,0.0,3.785288145325558,0.46989942754242664
12P_R1,12,650,700.0,15.504,28.0,4.883808800000001,3.11,11.3508,23.0,Encounter,374.444,2.87654,364.417,51.0,19.0,2.6842103850415584,364.275,61.82,56.92,36.72,15.58,0.0,4.650793852016282,0.17360818690991583
12P_R1,12,700,750.0,25.568,37.0,3.21183,3.107,18.7402,31.0,Compact-associated,376.879,2.88945,372.509,48.0,20.0,2.399999880000006,376.41,84.94,77.8,46.42,20.82,0.0,6.419463446870649,-1.1041271535359696
12P_R1,12,750,800.0,29.822,36.0,3.2467336,3.121,21.2298,31.0,Compact-associated,381.613,2.86343,356.681,47.0,23.0,2.043478172022688,358.05,99.16,87.6,49.34,20.12,0.0,7.030127288238474,-1.4683907394965992
12P_R1,12,800,850.0,23.838,35.0,4.4509524,3.155,12.3922,24.0,Compact-associated,374.853,2.86557,354.572,47.0,14.0,3.3571426173469563,355.125,78.32,69.66,41.1,17.14,0.0,5.820011905820632,-0.05421364748958503
50P_R1,50,0,50.0,0.0,0.0,8.9269648,6.469,0.0038,3.0,Dispersed,362.277,4.68816,364.482,71.0,31.0,2.2903225067637902,364.482,0.04,0.08,0.02,0.0,0.0,-0.37681559764214806,2.6708863627644304
50P_R1,50,50,100.0,0.124,2.0,7.2240758,5.615,0.2252,4.0,Dispersed,389.186,4.08471,413.648,53.0,42.0,1.2619047318594112,413.39,1.02,1.5,0.0,0.0,0.0,-1.0136574570016894,0.6336987892272024
50P_R1,50,100,150.0,0.0,0.0,9.3385268,6.321,0.0,0.0,Dispersed,410.599,5.41144,455.976,53.0,42.0,1.2619047318594112,457.644,0.0,0.0,0.0,0.0,0.0,-2.0426347004945766,-0.07006403356374083
50P_R1,50,150,200.0,0.0,0.0,8.4296504,5.927,0.015,3.0,Dispersed,407.213,7.47373,443.683,65.0,37.0,1.756756709276846,443.161,0.02,0.04,0.02,0.0,0.0,-1.9162989823584191,0.656369808844548
50P_R1,50,200,250.0,2.882,8.0,6.35075,5.435,0.7492,4.0,Encounter,409.337,4.36994,455.648,61.0,30.0,2.033333265555558,457.393,6.26,6.8,5.36,2.98,0.0,-0.7127008371332726,0.2812699602474034
50P_R1,50,250,300.0,5.934,8.0,6.0058188,5.304,4.109,8.0,Encounter,414.395,3.75658,460.629,47.0,35.0,1.342857104489797,459.204,14.0,12.18,13.48,8.28,0.04,0.1046102270340992,-0.9717547663854978
50P_R1,50,300,350.0,4.466,8.0,7.2622602,4.93,3.4752,7.0,Encounter,415.815,3.92048,467.172,44.0,33.0,1.3333332929292943,471.187,10.7,8.56,10.7,6.62,0.0,-0.424283444823849,-0.9191452243844925
50P_R1,50,350,400.0,0.198,8.0,10.8768362,5.772,0.1834,10.0,Dispersed,423.841,6.37622,486.798,38.0,33.0,1.1515151166207542,477.232,0.8,0.76,0.56,0.32,0.02,-2.3749231114364684,-0.823248472825428
50P_R1,50,400,450.0,0.062,7.0,11.2963946,5.816,0.0588,5.0,Dispersed,416.045,6.48199,464.335,55.0,36.0,1.5277777353395074,466.626,0.2,0.22,0.16,0.0,0.0,-2.3614912689846723,0.06278015470753433
50P_R1,50,450,500.0,0.05,3.0,11.501243400000002,6.582,0.0424,3.0,Dispersed,419.443,7.36372,482.242,69.0,36.0,1.9166666134259276,479.758,0.18,0.24,0.16,0.0,0.0,-2.6803424988662456,0.34970112061391284
50P_R1,50,500,550.0,0.0,0.0,11.465262,10.375,0.0,0.0,Dispersed,427.11,6.80156,498.357,63.0,38.0,1.6578946932132976,501.562,0.0,0.0,0.0,0.0,0.0,-2.9101787449180723,-0.24632420842398722
50P_R1,50,550,600.0,0.0,0.0,10.8513028,7.737,0.0,0.0,Dispersed,436.857,7.23114,511.244,55.0,37.0,1.4864864463111773,512.511,0.0,0.0,0.0,0.0,0.0,-3.049173124648756,-0.8059926722139115
50P_R1,50,600,650.0,0.0,0.0,10.246312,8.715,0.0,0.0,Dispersed,420.162,6.44358,486.405,62.0,34.0,1.8235293581314895,492.826,0.0,0.0,0.0,0.0,0.0,-2.472202102700068,0.023777814753918887
50P_R1,50,650,700.0,0.016,2.0,8.8383258,7.303,0.0088,2.0,Dispersed,434.455,5.24155,493.381,67.0,39.0,1.7179486738987522,491.246,0.12,0.18,0.0,0.0,0.0,-2.4454755327219915,-0.2296166175033454
50P_R1,50,700,750.0,2.04,11.0,7.402588199999999,3.738,1.202,8.0,Encounter,426.576,5.69293,498.943,47.0,44.0,1.0681817939049594,498.988,6.34,7.72,1.22,0.06,0.28,-2.056364870904911,-1.5564283557911942
50P_R1,50,750,800.0,10.738,24.0,4.3027114,3.607,6.3214,15.0,Compact-associated,441.989,3.21537,495.644,55.0,40.0,1.374999965625001,491.322,42.46,41.24,17.1,9.78,0.8,0.8931835568434245,-2.946364660781543
50P_R1,50,800,850.0,24.804,36.0,3.6952668000000006,3.35,15.224,28.0,Compact-associated,439.483,3.36313,494.289,49.0,32.0,1.531249952148439,494.979,82.64,79.72,17.42,11.66,1.92,3.2928069923808994,-5.087541404214955
50P_R1,50,850,900.0,11.376,47.0,8.303560199999998,3.039,6.8444,34.0,Encounter,430.474,7.67308,490.658,58.0,24.0,2.416666565972226,449.322,37.86,34.66,6.64,3.18,0.62,-0.026621448385571303,-1.349879485927586
50P_R1,50,900,950.0,19.86,46.0,6.855303600000001,3.225,14.5236,37.0,Encounter,439.259,7.67333,501.73,46.0,27.0,1.7037036406035688,449.752,64.96,56.64,10.2,5.72,0.96,1.450934450891535,-3.308603482299622
50P_R1,50,950,1000.0,28.39,42.0,4.642421,3.339,22.6064,40.0,Encounter,427.364,3.16301,458.416,44.0,36.0,1.222222188271606,459.237,92.18,81.46,8.52,3.7,1.54,3.5092255864950697,-4.605279110617882
70P_R3,70,0,50.0,0.0,0.0,10.9634586,8.041,0.0,0.0,Dispersed,362.664,4.68959,366.245,60.0,45.0,1.3333333037037045,366.245,0.0,0.0,0.0,0.0,0.0,-0.966927871894206,1.8597242944198042
70P_R3,70,50,100.0,0.0,0.0,8.392818400000001,6.537,0.0,0.0,Dispersed,403.756,5.57412,430.876,75.0,41.0,1.8292682480666282,430.289,0.0,0.0,0.0,0.0,0.0,-1.6575800165909982,1.1058529095846255
70P_R3,70,100,150.0,0.0,0.0,9.9021686,7.674,0.0,0.0,Dispersed,415.574,4.7466,439.35,71.0,37.0,1.918918867056247,438.527,0.0,0.0,0.0,0.0,0.0,-1.806297253408601,0.8994606975714894
70P_R3,70,150,200.0,0.0,0.0,10.3953708,8.118,0.0,0.0,Dispersed,414.837,5.22053,450.429,81.0,37.0,2.1891891300219157,446.514,0.0,0.0,0.0,0.0,0.0,-2.013723958547181,1.1791601168300643
70P_R3,70,200,250.0,0.126,5.0,9.9521106,4.629,0.1326,5.0,Dispersed,430.304,5.43983,471.367,72.0,43.0,1.6744185657111963,470.287,0.7,0.86,0.44,0.16,0.0,-2.4213033961405617,0.1436848225375273
70P_R3,70,250,300.0,0.812,9.0,9.8286306,4.198,0.749,9.0,Dispersed,426.181,7.47689,474.825,56.0,49.0,1.1428571195335282,463.89,3.52,3.5,1.86,0.26,0.0,-2.5550433296791604,-0.6319435397063434
70P_R3,70,300,350.0,3.254,21.0,9.9126068,4.116,1.6508,13.0,Encounter,430.744,8.27402,495.089,59.0,53.0,1.1132075261658958,481.369,10.92,11.28,1.08,0.3,0.0,-2.680128070687078,-1.0972703058451143
70P_R3,70,350,400.0,0.52,17.0,9.7406788,4.293,0.2096,12.0,Dispersed,427.818,8.05986,484.522,61.0,45.0,1.3555555254320995,460.687,0.92,0.94,0.02,0.0,0.0,-2.7194568534269496,-0.3420670757320131
70P_R3,70,400,450.0,0.0,0.0,10.607498,9.636,0.0,0.0,Dispersed,419.539,9.61724,477.225,63.0,38.0,1.6578946932132976,464.197,0.0,0.0,0.0,0.0,0.0,-2.7965502248207614,0.12316040203428769
70P_R3,70,450,500.0,0.448,18.0,9.4262028,4.24,0.285,13.0,Dispersed,432.176,9.43587,510.312,63.0,45.0,1.3999999688888896,499.485,2.96,3.32,0.36,0.16,0.06,-3.1132988857361528,-0.8169156401847325
70P_R3,70,500,550.0,2.368,16.0,8.717136600000002,4.339,1.6994,13.0,Encounter,432.814,8.33097,508.85,59.0,46.0,1.2826086677693769,489.433,6.08,7.08,0.4,0.16,0.18,-2.6317034066666776,-1.1860821228258458
70P_R3,70,550,600.0,0.134,8.0,10.9503782,4.406,0.1568,10.0,Dispersed,438.124,3.82956,507.237,69.0,49.0,1.4081632365680974,507.896,0.52,0.58,0.02,0.0,0.02,-2.9188185986621593,-0.6216654989189709
70P_R3,70,600,650.0,0.076,8.0,11.2374084,4.676,0.069,9.0,Dispersed,434.053,3.80997,518.802,56.0,38.0,1.4736841717451534,521.382,0.52,0.66,0.18,0.06,0.02,-2.7463665142083467,-0.8276461526600847
70P_R3,70,650,700.0,3.192,17.0,9.3742272,4.383,2.5956,16.0,Encounter,439.288,6.6673,532.664,77.0,38.0,2.026315736149586,513.847,8.94,9.04,1.72,0.28,0.2,-2.4598305483606833,-0.7127297487451183
70P_R3,70,700,750.0,2.29,17.0,9.916628,4.316,2.2084,19.0,Encounter,431.846,3.57351,485.195,59.0,41.0,1.4390243551457476,489.443,8.04,7.78,1.38,0.28,0.16,-1.9044155754886136,-0.8047754808807766
70P_R3,70,750,800.0,1.258,9.0,10.2672888,3.797,1.9886,14.0,Encounter,432.8,7.78699,488.224,62.0,42.0,1.4761904410430848,471.905,5.92,6.72,1.6,0.02,0.22,-2.48184293897349,-0.701713844539621
70P_R3,70,800,850.0,1.812,9.0,8.228980199999999,3.883,2.0826,11.0,Encounter,430.356,7.61928,483.201,62.0,43.0,1.4418604315846413,471.554,7.16,8.64,3.86,2.48,0.4,-1.9403705338141324,-1.007515300678763
70P_R3,70,850,900.0,6.706,10.0,4.6431556,4.26,5.826,13.0,Encounter,431.117,3.55626,479.749,47.0,47.0,0.9999999787234047,481.102,28.46,29.14,18.56,11.38,0.94,0.5488428021563799,-3.030841662120309
70P_R3,70,900,950.0,4.646,13.0,7.462901999999999,4.412,4.2732,12.0,Encounter,435.608,3.64316,482.763,54.0,35.0,1.5428570987755115,484.558,18.06,17.38,11.98,6.46,0.56,-0.44288262701645226,-1.6970227922571353
